car_name,model,odometer,miles,gallons,price,date,dayofyear,day,month,year,mpg,l100km,cost,recent,timebetweenfuelups,miles1
2011 Nissan Quest 3.5SL,Nissan Quest,9671,314,16.19,3.35,2012-09-27,271,27,9,2012,19.394688079061147,12.113034562750137,54.23650000000001,Over 6 months ago,NA,NA
2011 Nissan Quest 3.5SL,Nissan Quest,10002,331,15.74,3.32,2012-10-06,280,6,10,2012,21.029224904701397,11.1715257266997,52.2568,Over 6 months ago,9,331
2011 Nissan Quest 3.5SL,Nissan Quest,10218,216,10.88,3.36,2012-10-14,288,14,10,2012,19.852941176470587,11.833436917339963,36.5568,Over 6 months ago,8,216
2011 Nissan Quest 3.5SL,Nissan Quest,10533,315,15.41,3.26,2012-10-21,295,21,10,2012,20.44127190136275,11.492852703542574,50.236599999999996,Over 6 months ago,7,315
2008 Nissan Altima,Nissan Altima,42116,327,13.28,3.12,2012-10-24,298,24,10,2012,24.623493975903617,9.540828253915759,41.4336,Over 6 months ago,NA,NA
2011 Nissan Quest 3.5SL,Nissan Quest,10804,271,13.3,3.04,2012-10-27,301,27,10,2012,20.37593984962406,11.529702618343771,40.432,Over 6 months ago,6,271
2011 Nissan Quest 3.5SL,Nissan Quest,11064,260,13.1,2.97,2012-11-04,309,4,11,2012,19.84732824427481,11.836783477554143,38.907000000000004,Over 6 months ago,8,260
2008 Nissan Altima,Nissan Altima,42350,234,9.63,2.95,2012-11-07,312,7,11,2012,24.299065420560744,9.668212458765598,28.408500000000004,Over 6 months ago,14,234
2011 Nissan Quest 3.5SL,Nissan Quest,11383,319,14.73,2.96,2012-11-10,315,10,11,2012,21.656483367277666,10.847953615146773,43.6008,Over 6 months ago,6,319
2011 Nissan Quest 3.5SL,Nissan Quest,11635,252,13.09,2.98,2012-11-18,323,18,11,2012,19.25133689839572,12.203231821006836,39.0082,Over 6 months ago,8,252
2011 Nissan Quest 3.5SL,Nissan Quest,11928,293,14.19,3.1,2012-11-25,330,25,11,2012,20.64834390415786,11.377596582364133,43.989,Over 6 months ago,7,293
2011 Nissan Quest 3.5SL,Nissan Quest,12122,194,8.98,3.09,2012-12-02,337,2,12,2012,21.603563474387528,10.874526663804758,27.7482,Over 6 months ago,7,194
2011 Nissan Quest 3.5SL,Nissan Quest,12318,196,10.5,3.09,2012-12-02,337,2,12,2012,18.666666666666668,12.585456805469235,32.445,Over 6 months ago,0,196
2008 Nissan Altima,Nissan Altima,42682,332,14.21,3.04,2012-12-06,341,6,12,2012,23.363828289936663,10.055224003534336,43.19840000000001,Over 6 months ago,29,332
2011 Nissan Quest 3.5SL,Nissan Quest,12549,231,10.69,2.99,2012-12-08,343,8,12,2012,21.608980355472404,10.871800666704333,31.9631,Over 6 months ago,6,231
2011 Nissan Quest 3.5SL,Nissan Quest,12744,195,10.09,2.9,2012-12-15,350,15,12,2012,19.326065411298316,12.1560453219869,29.261,Over 6 months ago,7,195
2011 Nissan Quest 3.5SL,Nissan Quest,12992,248,13.1,2.89,2012-12-23,358,23,12,2012,18.931297709923665,12.40953106517773,37.859,Over 6 months ago,8,248
2011 Nissan Quest 3.5SL,Nissan Quest,13259,267,13.23,3.09,2012-12-30,365,30,12,2012,20.181405895691608,11.640840496923905,40.8807,Over 6 months ago,7,267
2011 Nissan Quest 3.5SL,Nissan Quest,13468,209,11.07,2.97,2013-01-06,6,6,1,2013,18.87985546522132,12.443343513311785,32.877900000000004,Over 6 months ago,7,209
2008 Nissan Altima,Nissan Altima,43022,340,14.44,3.1,2013-01-09,9,9,1,2013,23.545706371191137,9.977552736445727,44.764,Over 6 months ago,34,340
2011 Nissan Quest 3.5SL,Nissan Quest,13649,181,9.76,3.08,2013-01-12,12,12,1,2013,18.545081967213115,12.667969192628481,30.0608,Over 6 months ago,6,181
2011 Nissan Quest 3.5SL,Nissan Quest,13949,300,15.41,3.07,2013-01-22,22,22,1,2013,19.46787800129786,12.067495338719702,47.308699999999995,Over 6 months ago,10,300
2008 Nissan Altima,Nissan Altima,43319,297,12.88,3.11,2013-02-01,32,1,2,2013,23.059006211180122,10.18814622295045,40.0568,Over 6 months ago,23,297
2011 Nissan Quest 3.5SL,Nissan Quest,14207,258,13.27,3.16,2013-02-01,32,1,2,2013,19.44235116804823,12.0833393556593,41.9332,Over 6 months ago,10,258
2011 Nissan Quest 3.5SL,Nissan Quest,14541,334,16.88,3.25,2013-02-10,41,10,2,2013,19.786729857819907,11.87303453999397,54.86,Over 6 months ago,9,334
2011 Nissan Quest 3.5SL,Nissan Quest,14768,227,11.55,3.27,2013-02-17,48,17,2,2013,19.653679653679653,11.953411838146112,37.7685,Over 6 months ago,7,227
2011 Nissan Quest 3.5SL,Nissan Quest,14925,157,8.56,3.43,2013-02-23,54,23,2,2013,18.3411214953271,12.808841983587545,29.360800000000005,Over 6 months ago,6,157
2008 Nissan Altima,Nissan Altima,43651,332,14.61,3.46,2013-02-27,58,27,2,2013,22.72416153319644,10.338270421649307,50.550599999999996,Over 6 months ago,26,332
2011 Nissan Quest 3.5SL,Nissan Quest,15265,340,17.62,3.4,2013-03-05,64,5,3,2013,19.296254256526673,12.174825430482946,59.908,Over 6 months ago,10,340
2011 Nissan Quest 3.5SL,Nissan Quest,15369,104,4.84,3.38,2013-03-09,68,9,3,2013,21.487603305785125,10.933212219725581,16.359199999999998,Over 6 months ago,4,104
2011 Nissan Quest 3.5SL,Nissan Quest,15699,330,15.55,3.5,2013-03-11,70,11,3,2013,21.221864951768488,11.070116955760213,54.425000000000004,Over 6 months ago,2,330
2011 Nissan Quest 3.5SL,Nissan Quest,15975,276,13.15,3.38,2013-03-14,73,14,3,2013,20.988593155893536,11.193152646796552,44.447,Over 6 months ago,3,276
2008 Nissan Altima,Nissan Altima,43985,334,13.44,3.37,2013-03-15,74,15,3,2013,24.851190476190478,9.453411387293777,45.2928,Over 6 months ago,16,334
2011 Nissan Quest 3.5SL,Nissan Quest,16325,350,17.26,3.29,2013-03-23,82,23,3,2013,20.27809965237543,11.585332504661283,56.7854,Over 6 months ago,9,350
2011 Nissan Quest 3.5SL,Nissan Quest,16649,324,16.32,3.3,2013-04-02,92,2,4,2013,19.852941176470587,11.833436917339963,53.855999999999995,Over 6 months ago,10,324
2008 Nissan Altima,Nissan Altima,44262,277,11.6,3.27,2013-04-07,97,7,4,2013,23.879310344827587,9.838162142999778,37.932,Over 6 months ago,23,277
2011 Nissan Quest 3.5SL,Nissan Quest,17005,356,17.63,3.24,2013-04-11,101,11,4,2013,20.192853091321613,11.634241380995942,57.1212,Over 6 months ago,9,356
2011 Nissan Quest 3.5SL,Nissan Quest,17220,215,10.45,3.23,2013-04-14,104,14,4,2013,20.57416267942584,11.41861910474511,33.753499999999995,Over 6 months ago,3,215
2008 Nissan Altima,Nissan Altima,44587,325,12.45,3.22,2013-04-15,105,15,4,2013,26.104417670682732,8.999569727972462,40.089,Over 6 months ago,8,325
2011 Nissan Quest 3.5SL,Nissan Quest,17554,334,16.18,3.09,2013-04-22,112,22,4,2013,20.642768850432635,11.38066936357242,49.996199999999995,Over 6 months ago,8,334
2011 Nissan Quest 3.5SL,Nissan Quest,17865,311,15.78,3.16,2013-04-30,120,30,4,2013,19.708491761723703,11.920167706170474,49.8648,Over 6 months ago,8,311
2011 Nissan Quest 3.5SL,Nissan Quest,18024,159,7.43,3.07,2013-05-03,123,3,5,2013,21.399730820995963,10.978106640712033,22.8101,Over 6 months ago,3,159
2011 Nissan Quest 3.5SL,Nissan Quest,18305,281,13.41,3.22,2013-05-05,125,5,5,2013,20.954511558538403,11.21135782044505,43.180200000000006,Over 6 months ago,2,281
2008 Nissan Altima,Nissan Altima,44924,337,12.63,3.18,2013-05-06,126,6,5,2013,26.68250197941409,8.804591384146669,40.1634,Over 6 months ago,21,337
2011 Nissan Quest 3.5SL,Nissan Quest,18585,280,13.31,3.11,2013-05-08,128,8,5,2013,21.036814425244177,11.167495338719702,41.3941,Over 6 months ago,3,280
2011 Nissan Quest 3.5SL,Nissan Quest,18894,309,14.69,3.3,2013-05-12,132,12,5,2013,21.034717494894487,11.168608615373476,48.477,Over 6 months ago,4,309
2011 Nissan Quest 3.5SL,Nissan Quest,19185,291,13.72,3.17,2013-05-16,136,16,5,2013,21.20991253644315,11.076355295278491,43.4924,Over 6 months ago,4,291
2011 Nissan Quest 3.5SL,Nissan Quest,19376,191,9.39,3.16,2013-05-20,140,20,5,2013,20.340788072417464,11.549627585668313,29.672400000000003,Over 6 months ago,4,191
2011 Nissan Quest 3.5SL,Nissan Quest,19710,334,17.35,3.1,2013-06-03,154,3,6,2013,19.2507204610951,12.20362258701987,53.785000000000004,Over 6 months ago,14,334
2008 Nissan Altima,Nissan Altima,45272,348,13.82,3.09,2013-06-06,157,6,6,2013,25.180897250361795,9.329632883993057,42.7038,Over 6 months ago,31,348
2011 Nissan Quest 3.5SL,Nissan Quest,20044,334,17.02,3.08,2013-06-12,163,12,6,2013,19.623971797884842,11.971507575278281,52.4216,Over 6 months ago,9,334
2011 Nissan Quest 3.5SL,Nissan Quest,20278,234,12.5,3.08,2013-06-23,174,23,6,2013,18.72,12.549600803174453,38.5,Over 6 months ago,11,234
2011 Nissan Quest 3.5SL,Nissan Quest,20568,290,14.34,3.03,2013-06-30,181,30,6,2013,20.2231520223152,11.61681061271726,43.450199999999995,Over 6 months ago,7,290
2011 Nissan Quest 3.5SL,Nissan Quest,20797,229,12.03,3,2013-07-07,188,7,7,2013,19.035743973399835,12.341441835092452,36.089999999999996,Over 6 months ago,7,229
2008 Nissan Altima,Nissan Altima,45660,388,15.39,3,2013-07-09,190,9,7,2013,25.21117608836907,9.318427915142275,46.17,Over 6 months ago,33,388
2011 Nissan Quest 3.5SL,Nissan Quest,21085,288,14.19,3.2,2013-07-13,194,13,7,2013,20.295983086680764,11.575124300807953,45.408,Over 6 months ago,6,288
2011 Nissan Quest 3.5SL,Nissan Quest,21409,324,15.53,3.2,2013-07-20,201,20,7,2013,20.862846104314233,11.26061736067951,49.696,Over 6 months ago,7,324
2011 Nissan Quest 3.5SL,Nissan Quest,21747,338,17.5,3.18,2013-08-01,213,1,8,2013,19.314285714285713,12.163459239999854,55.650000000000006,Over 6 months ago,12,338
2008 Nissan Altima,Nissan Altima,46043,383,16.4,3.16,2013-08-07,219,7,8,2013,23.353658536585368,10.059602724232327,51.824,Over 6 months ago,29,383
2011 Nissan Quest 3.5SL,Nissan Quest,22055,308,15,3.16,2013-08-09,221,9,8,2013,20.533333333333335,11.441324368608395,47.400000000000006,Over 6 months ago,8,308
2011 Nissan Quest 3.5SL,Nissan Quest,22382,327,17.85,3.1,2013-08-24,236,24,8,2013,18.319327731092436,12.824080145511772,55.33500000000001,Over 6 months ago,15,327
2011 Nissan Quest 3.5SL,Nissan Quest,22643,261,12.9,3.2,2013-09-02,245,2,9,2013,20.232558139534884,11.61140995692334,41.28,Over 6 months ago,9,261
2011 Nissan Quest 3.5SL,Nissan Quest,22910,267,13.05,3.18,2013-09-08,251,8,9,2013,20.45977011494253,11.48246171465283,41.499,Over 6 months ago,6,267
2008 Nissan Altima,Nissan Altima,46411,368,16.16,3.16,2013-09-11,254,11,9,2013,22.77227722772277,10.316426621990434,51.0656,Over 6 months ago,35,368
2011 Nissan Quest 3.5SL,Nissan Quest,23248,338,17.68,3.049,2013-09-26,269,26,9,2013,19.11764705882353,12.288569106468422,53.90632,Over 6 months ago,18,338
2013 Nissan Altima 2.5SV,Nissan Altima,1016,463,15.28,3.069,2013-10-02,275,2,10,2013,30.30104712041885,7.753148797195043,46.89432,Over 6 months ago,NA,NA
2013 Nissan Altima 2.5SV,Nissan Altima,1422,406,13.31,3.05,2013-10-15,288,15,10,2013,30.503380916604055,7.7017209232549675,40.5955,Over 6 months ago,13,406
2011 Nissan Quest 3.5SL,Nissan Quest,23599,351,18.36,2.96,2013-10-18,291,18,10,2013,19.11764705882353,12.288569106468422,54.3456,Over 6 months ago,22,351
2011 Nissan Quest 3.5SL,Nissan Quest,23949,350,17.98,3.21,2013-11-01,305,1,11,2013,19.46607341490545,12.0686140459913,57.7158,Over 6 months ago,14,350
2013 Nissan Altima 2.5SV,Nissan Altima,1897,475,16.34,2.92,2013-11-02,306,2,11,2013,29.069767441860467,8.081541330018645,47.7128,Over 6 months ago,18,475
2011 Nissan Quest 3.5SL,Nissan Quest,24232,283,14.26,2.94,2013-11-11,315,11,11,2013,19.845722300140253,11.837741326944068,41.9244,Over 6 months ago,10,283
2011 Nissan Quest 3.5SL,Nissan Quest,24598,366,18.2,2.94,2013-11-20,324,20,11,2013,20.10989010989011,11.68223822963046,53.507999999999996,Over 6 months ago,9,366
2013 Nissan Altima 2.5SV,Nissan Altima,2304,407,14.75,2.9,2013-11-23,327,23,11,2013,27.593220338983052,8.513994530153635,42.775,Over 6 months ago,21,407
2011 Nissan Quest 3.5SL,Nissan Quest,24893,295,14.75,3.02,2013-12-07,341,7,12,2013,20,11.746426351771287,44.545,Over 6 months ago,17,295
2013 Nissan Altima 2.5SV,Nissan Altima,2711,407,14.81,3.02,2013-12-09,343,9,12,2013,27.481431465226198,8.548627728242396,44.7262,Over 6 months ago,16,407
2011 Nissan Quest 3.5SL,Nissan Quest,25116,223,12.71,2.94,2013-12-15,349,15,12,2013,17.545239968528715,13.389872549866643,37.3674,Over 6 months ago,8,223
2011 Nissan Quest 3.5SL,Nissan Quest,25257,141,7.64,2.97,2013-12-21,355,21,12,2013,18.455497382198953,12.729460613834416,22.6908,Over 6 months ago,6,141
2011 Nissan Quest 3.5SL,Nissan Quest,25581,324,15.9,3,2013-12-27,361,27,12,2013,20.37735849056604,11.528899937849596,47.7,Over 6 months ago,6,324
2013 Nissan Altima 2.5SV,Nissan Altima,3164,453,15.8,3,2013-12-30,364,30,12,2013,28.670886075949365,8.193975115142885,47.400000000000006,Over 6 months ago,21,453
2011 Nissan Quest 3.5SL,Nissan Quest,25928,347,19.19,2.99,2014-01-17,17,17,1,2014,18.082334549244397,12.992156869768934,57.37810000000001,Over 6 months ago,21,347
2011 Nissan Quest 3.5SL,Nissan Quest,26310,382,17.23,3,2014-01-19,19,19,1,2014,22.170632617527566,10.59638356235703,51.69,Over 6 months ago,2,382
2013 Nissan Altima 2.5SV,Nissan Altima,3587,423,16.82,2.98,2014-01-22,22,22,1,2014,25.148632580261594,9.341602422543406,50.1236,Over 6 months ago,23,423
2011 Nissan Quest 3.5SL,Nissan Quest,26589,279,15.23,2.939,2014-02-02,33,2,2,2014,18.319107025607355,12.82423464784779,44.76097,Over 6 months ago,14,279
2013 Nissan Altima 2.5SV,Nissan Altima,4036,449,15.58,2.979,2014-02-05,36,5,2,2014,28.818998716302954,8.151862920293837,46.41282,Over 6 months ago,14,449
2011 Nissan Quest 3.5SL,Nissan Quest,26768,179,9.63,2.969,2014-02-15,46,15,2,2014,18.5877466251298,12.638892264531565,28.59147,Over 6 months ago,13,179
2013 Nissan Altima 2.5SV,Nissan Altima,4487,451,16.01,3.059,2014-02-22,53,22,2,2014,28.16989381636477,8.339702256845158,48.974590000000006,Over 6 months ago,17,451
2011 Nissan Quest 3.5SL,Nissan Quest,27044,276,14.75,3.049,2014-03-02,61,2,3,2014,18.71186440677966,12.555057151349745,44.97275,Over 6 months ago,15,276
2011 Nissan Quest 3.5SL,Nissan Quest,27398,354,17.92,3.109,2014-03-14,73,14,3,2014,19.754464285714285,11.892427131284828,55.713280000000005,Over 6 months ago,12,354
2013 Nissan Altima 2.5SV,Nissan Altima,4871,384,15.67,3.199,2014-03-19,78,19,3,2014,24.50542437779196,9.586796923555003,50.12833,Over 6 months ago,25,384
2011 Nissan Quest 3.5SL,Nissan Quest,27727,329,15.94,3.159,2014-03-26,85,26,3,2014,20.63989962358846,11.382251431442814,50.354459999999996,Over 6 months ago,12,329
2011 Nissan Quest 3.5SL,Nissan Quest,27969,242,12.91,3.289,2014-04-05,95,5,4,2014,18.745158791634392,12.532757372013828,42.46099,Over 6 months ago,10,242
2013 Nissan Altima 2.5SV,Nissan Altima,5303,432,15.84,3.289,2014-04-09,99,9,4,2014,27.272727272727273,8.614045991298942,52.09776,Over 6 months ago,21,432
2011 Nissan Quest 3.5SL,Nissan Quest,28188,219,10.89,3.32,2014-04-13,103,13,4,2014,20.110192837465565,11.68206237176158,36.1548,Over 6 months ago,8,219
2011 Nissan Quest 3.5SL,Nissan Quest,28467,279,13.89,3.359,2014-04-19,109,19,4,2014,20.086393088552914,11.695904087892702,46.656510000000004,Over 6 months ago,6,279
2011 Nissan Quest 3.5SL,Nissan Quest,28688,221,11.37,3.359,2014-04-25,115,25,4,2014,19.437115215479334,12.086594354718507,38.191829999999996,Over 6 months ago,6,221
2011 Nissan Quest 3.5SL,Nissan Quest,28997,309,13.54,3.419,2014-04-26,116,26,4,2014,22.821270310192023,10.294279145824158,46.29326,Over 6 months ago,1,309
2011 Nissan Quest 3.5SL,Nissan Quest,29324,327,16.79,3.359,2014-05-02,122,2,5,2014,19.475878499106614,12.062538131268495,56.39761,Over 6 months ago,6,327
2011 Nissan Quest 3.5SL,Nissan Quest,29544,220,9.43,3.359,2014-05-04,124,4,5,2014,23.32979851537646,10.069890954291202,31.675369999999997,Over 6 months ago,2,220
2013 Nissan Altima 2.5SV,Nissan Altima,5655,352,13.54,3.359,2014-05-06,126,6,5,2014,25.99704579025111,9.036739363805864,45.48086,Over 6 months ago,27,352
2011 Nissan Quest 3.5SL,Nissan Quest,29816,272,14.45,3.359,2014-05-09,129,9,5,2014,18.823529411764707,12.480577998756992,48.537549999999996,Over 6 months ago,5,272
2011 Nissan Quest 3.5SL,Nissan Quest,30208,392,17.49,3.339,2014-05-13,133,13,5,2014,22.4128073184677,10.48188759655509,58.39910999999999,Over 6 months ago,4,392
2011 Nissan Quest 3.5SL,Nissan Quest,30547,339,17.2,3.359,2014-05-22,142,22,5,2014,19.709302325581397,11.919677477903605,57.7748,Over 6 months ago,9,339
2011 Nissan Quest 3.5SL,Nissan Quest,30802,255,13.09,3.329,2014-06-01,152,1,6,2014,19.48051948051948,12.059664387818522,43.57661,Over 6 months ago,10,255
2013 Nissan Altima 2.5SV,Nissan Altima,6016,361,12.54,3.339,2014-06-02,153,2,6,2014,28.78787878787879,8.160675149651631,41.87106,Over 6 months ago,27,361
2011 Nissan Quest 3.5SL,Nissan Quest,31067,265,14.08,3.329,2014-06-14,165,14,6,2014,18.821022727272727,12.48224022890111,46.87232,Over 6 months ago,13,265
2011 Nissan Quest 3.5SL,Nissan Quest,31215,148,8.42,3.279,2014-06-21,172,21,6,2014,17.577197149643705,13.365528362420843,27.60918,Over 6 months ago,7,148
2011 Nissan Quest 3.5SL,Nissan Quest,31567,352,17.07,3.249,2014-07-03,184,3,7,2014,20.620972466315173,11.39269874004181,55.46043,Over 6 months ago,12,352
2013 Nissan Altima 2.5SV,Nissan Altima,6475,459,16.38,3.239,2014-07-10,191,10,7,2014,28.021978021978025,8.383723905970093,53.05481999999999,Over 6 months ago,38,459
2011 Nissan Quest 3.5SL,Nissan Quest,31796,229,12.56,3.229,2014-07-12,193,12,7,2014,18.23248407643312,12.885162880196276,40.55624,Over 6 months ago,9,229
2011 Nissan Quest 3.5SL,Nissan Quest,32001,205,11.09,3.199,2014-07-20,201,20,7,2014,18.48512173128945,12.70906031620913,35.47691,Over 6 months ago,8,205
2011 Nissan Quest 3.5SL,Nissan Quest,32143,142,7.27,3.189,2014-07-27,208,27,7,2014,19.53232462173315,12.027678813715106,23.18403,Over 6 months ago,7,142
2011 Nissan Quest 3.5SL,Nissan Quest,32431,288,13.23,3.059,2014-08-02,214,2,8,2014,21.768707482993197,10.79202921068987,40.47057,Over 6 months ago,6,288
2013 Nissan Altima 2.5SV,Nissan Altima,6818,343,11.02,3.099,2014-08-02,214,2,8,2014,31.125226860254084,7.547849469184815,34.150980000000004,Over 6 months ago,23,343
2011 Nissan Quest 3.5SL,Nissan Quest,32735,304,15.44,2.999,2014-08-14,226,14,8,2014,19.689119170984455,11.931896241536098,46.30456,Over 6 months ago,12,304
2013 Nissan Altima 2.5SV,Nissan Altima,7047,229,7.05,3.079,2014-08-15,227,15,8,2014,32.4822695035461,7.232515788645203,21.70695,Over 6 months ago,13,229
2011 Nissan Quest 3.5SL,Nissan Quest,33044,309,16.33,3.039,2014-08-23,235,23,8,2014,18.922229026331905,12.41547846760033,49.62687,Over 6 months ago,9,309
2011 Nissan Quest 3.5SL,Nissan Quest,33325,281,13.17,3.039,2014-08-24,236,24,8,2014,21.336370539104024,11.010707121197711,40.023630000000004,Over 6 months ago,1,281
2011 Nissan Quest 3.5SL,Nissan Quest,33596,271,15.31,2.989,2014-09-02,245,2,9,2014,17.70084911822338,13.27216143510099,45.76159,Over 6 months ago,9,271
2011 Nissan Quest 3.5SL,Nissan Quest,33942,346,16.99,3.099,2014-09-10,253,10,9,2014,20.364920541495,11.535941255294459,52.65201,Over 6 months ago,8,346
2013 Nissan Altima 2.5SV,Nissan Altima,7476,429,15.44,2.999,2014-09-17,260,17,9,2014,27.78497409326425,8.455236497498772,46.30456,Over 6 months ago,33,429
2011 Nissan Quest 3.5SL,Nissan Quest,34289,347,18.44,2.999,2014-09-18,261,18,9,2014,18.817787418655097,12.484386278193806,55.30156000000001,Over 6 months ago,8,347
2011 Nissan Quest 3.5SL,Nissan Quest,34642,353,16.4,2.979,2014-09-27,270,27,9,2014,21.52439024390244,10.914526468501364,48.855599999999995,Over 6 months ago,9,353
2011 Nissan Quest 3.5SL,Nissan Quest,34927,285,14.25,2.899,2014-10-05,278,5,10,2014,20,11.746426351771287,41.31075,Over 6 months ago,8,285
2011 Nissan Quest 3.5SL,Nissan Quest,35211,284,15.06,2.749,2014-10-12,285,12,10,2014,18.857901726427624,12.457829637864476,41.39994,Over 6 months ago,7,284
2013 Nissan Altima 2.5SV,Nissan Altima,7817,341,12.27,2.869,2014-10-13,286,13,10,2014,27.791361043194787,8.45329333350344,35.20263,Over 6 months ago,26,341
2011 Nissan Quest 3.5SL,Nissan Quest,35459,248,12.424,2.599,2014-10-19,292,19,10,2014,19.961365099806827,11.769161370516649,32.289976,Over 6 months ago,7,248
2011 Nissan Quest 3.5SL,Nissan Quest,35763,304,15.73,2.679,2014-10-28,301,28,10,2014,19.32612841703751,12.156005691668573,42.14067,Over 6 months ago,9,304
2011 Nissan Quest 3.5SL,Nissan Quest,36114,351,16.72,2.599,2014-11-05,309,5,11,2014,20.992822966507177,11.19089735621743,43.45528,Over 6 months ago,8,351
2011 Nissan Quest 3.5SL,Nissan Quest,36342,228,11.38,2.479,2014-11-09,313,9,11,2014,20.035149384885763,11.725818586241864,28.21102,Over 6 months ago,4,228
2013 Nissan Altima 2.5SV,Nissan Altima,8207,390,14.56,2.579,2014-11-12,316,12,11,2014,26.785714285714285,8.770665009322562,37.55024,Over 6 months ago,30,390
2011 Nissan Quest 3.5SL,Nissan Quest,36675,333,17.73,2.499,2014-11-25,329,25,11,2014,18.78172588832487,12.50835670972402,44.30727,Over 6 months ago,16,333
2013 Nissan Altima 2.5SV,Nissan Altima,8612,405,14.75,2.149,2014-11-29,333,29,11,2014,27.45762711864407,8.556038947586492,31.69775,Over 6 months ago,17,405
2011 Nissan Quest 3.5SL,Nissan Quest,37016,341,16.14,2.209,2014-12-06,340,6,12,2014,21.127633209417596,11.119490986368831,35.65326,Over 6 months ago,11,341
2011 Nissan Quest 3.5SL,Nissan Quest,37277,261,13.51,2.159,2014-12-13,347,13,12,2014,19.31902294596595,12.160476629304988,29.168089999999996,Over 6 months ago,7,261
2011 Nissan Quest 3.5SL,Nissan Quest,37543,266,13.87,2.099,2014-12-19,353,19,12,2014,19.178082191780824,12.249844623990054,29.11313,Over 6 months ago,6,266
2011 Nissan Quest 3.5SL,Nissan Quest,38086,543,25.91,1.799,2014-12-26,360,26,12,2014,20.957159397915863,11.209941317657238,46.61209,Over 6 months ago,7,543
2011 Nissan Quest 3.5SL,Nissan Quest,38407,321,15.36,2.199,2014-12-31,365,31,12,2014,20.8984375,11.241439798330651,33.77663999999999,Over 6 months ago,5,321
2013 Nissan Altima 2.5SV,Nissan Altima,9012,400,16,1.879,2015-01-05,5,5,1,2015,25,9.397141081417029,30.064,Over 6 months ago,37,400
2011 Nissan Quest 3.5SL,Nissan Quest,38758,351,17.34,1.859,2015-01-08,8,8,1,2015,20.242214532871973,11.605870822775731,32.23506,Over 6 months ago,8,351
2011 Nissan Quest 3.5SL,Nissan Quest,39050,292,14.6,1.701,2015-01-17,17,17,1,2015,20,11.746426351771287,24.834600000000002,Over 6 months ago,9,292
2011 Nissan Quest 3.5SL,Nissan Quest,39299,249,12,1.699,2015-01-25,25,25,1,2015,20.75,11.321856724598831,20.388,Over 6 months ago,8,249
2013 Nissan Altima 2.5SV,Nissan Altima,9469,457,16.78,1.799,2015-01-27,27,27,1,2015,27.234803337306314,8.626040883270118,30.18722,Over 6 months ago,22,457
2011 Nissan Quest 3.5SL,Nissan Quest,39631,332,17.5,1.949,2015-02-11,42,11,2,2015,18.97142857142857,12.383280792529971,34.1075,Over 6 months ago,17,332
2013 Nissan Altima 2.5SV,Nissan Altima,9928,459,16.26,1.959,2015-02-14,45,14,2,2015,28.228782287822874,8.322304683215735,31.853340000000003,Over 6 months ago,18,459
2013 Nissan Altima 2.5SV,Nissan Altima,10249,321,12.18,1.999,2015-02-27,58,27,2,2015,26.354679802955665,8.914110465082508,24.347820000000002,Over 6 months ago,13,321
2011 Nissan Quest 3.5SL,Nissan Quest,39944,313,16.7,1.999,2015-03-07,66,7,3,2015,18.74251497005988,12.53452524438214,33.3833,Over 6 months ago,24,313
2013 Nissan Altima 2.5SV,Nissan Altima,10702,453,15.25,2.039,2015-03-17,76,17,3,2015,29.704918032786885,7.90874180417272,31.09475,Over 6 months ago,18,453
2011 Nissan Quest 3.5SL,Nissan Quest,40189,245,13.12,1.999,2015-03-20,79,20,3,2015,18.67378048780488,12.580662345733817,26.22688,Over 6 months ago,13,245
2011 Nissan Quest 3.5SL,Nissan Quest,40485,296,12.25,1.999,2015-03-22,81,22,3,2015,24.163265306122447,9.722548838459343,24.487750000000002,Over 6 months ago,2,296
2011 Nissan Quest 3.5SL,Nissan Quest,40721,236,12.05,2.069,2015-04-04,94,4,4,2015,19.5850622406639,11.995291316851189,24.93145,Over 6 months ago,13,236
2013 Nissan Altima 2.5SV,Nissan Altima,11089,387,13.76,2.079,2015-04-06,96,6,4,2015,28.125,8.353014294592915,28.60704,Over 6 months ago,20,387
2011 Nissan Quest 3.5SL,Nissan Quest,41074,353,16.94,2.189,2015-04-22,112,22,4,2015,20.838252656434474,11.273907218073973,37.08166000000001,Over 6 months ago,18,353
2013 Nissan Altima 2.5SV,Nissan Altima,11515,426,13.82,2.189,2015-04-23,113,23,4,2015,30.82489146164978,7.621390243261934,30.25198,Over 6 months ago,17,426
2011 Nissan Quest 3.5SL,Nissan Quest,41294,220,11.34,2.199,2015-05-03,123,3,5,2015,19.400352733686066,12.109497711735127,24.936659999999996,Over 6 months ago,11,220
2011 Nissan Quest 3.5SL,Nissan Quest,41405,111,6.28,2.259,2015-05-08,128,8,5,2015,17.67515923566879,13.291451799842104,14.18652,Over 6 months ago,5,111
2011 Nissan Quest 3.5SL,Nissan Quest,41739,334,14.41,2.259,2015-05-10,130,10,5,2015,23.178348369188065,10.135688846049355,32.552189999999996,Over 6 months ago,2,334
2013 Nissan Altima 2.5SV,Nissan Altima,11907,392,13.35,2.229,2015-05-16,136,16,5,2015,29.363295880149813,8.00075468347687,29.75715,Over 6 months ago,23,392
2011 Nissan Quest 3.5SL,Nissan Quest,42063,324,17.5,2.239,2015-05-25,145,25,5,2015,18.514285714285716,12.689040812098611,39.1825,Over 6 months ago,15,324
2011 Nissan Quest 3.5SL,Nissan Quest,42313,250,12.99,2.289,2015-05-31,151,31,5,2015,19.24557351809084,12.20688626476072,29.73411,Over 6 months ago,6,250
2011 Nissan Quest 3.5SL,Nissan Quest,42627,314,14.66,2.459,2015-06-04,155,4,6,2015,21.41882673942701,10.96831912846924,36.04894,Over 6 months ago,4,314
2011 Nissan Quest 3.5SL,Nissan Quest,42929,302,13.62,2.319,2015-06-06,157,6,6,2015,22.173274596182086,10.595120987491716,31.58478,Over 6 months ago,2,302
2011 Nissan Quest 3.5SL,Nissan Quest,43175,246,12.92,2.299,2015-06-13,164,13,6,2015,19.040247678018577,12.338522639421546,29.70308,Over 6 months ago,7,246
2011 Nissan Quest 3.5SL,Nissan Quest,43443,268,13.43,2.299,2015-06-20,171,20,6,2015,19.955323901712585,11.77272432121555,30.87557,Over 6 months ago,7,268
2013 Nissan Altima 2.5SV,Nissan Altima,12364,457,16.105,2.298,2015-06-22,173,22,6,2015,28.37628065818069,8.279045794104007,37.00929,Over 6 months ago,37,457
2013 Nissan Altima 2.5SV,Nissan Altima,12781,417,14.09,2.259,2015-07-10,191,10,7,2015,29.59545777146913,7.937992676089085,31.82931,Over 6 months ago,18,417
2011 Nissan Quest 3.5SL,Nissan Quest,43606,163,9.89,2.239,2015-07-12,193,12,7,2015,16.48129423660263,14.254252345891782,22.14371,Over 6 months ago,22,163
2011 Nissan Quest 3.5SL,Nissan Quest,43937,331,16.17,2.229,2015-07-27,208,27,7,2015,20.470006184291897,11.476719885688322,36.042930000000005,Over 6 months ago,15,331
2013 Nissan Altima 2.5SV,Nissan Altima,13180,399,14.33,2.239,2015-07-31,212,31,7,2015,27.843684577808794,8.437408001046743,32.084869999999995,Over 6 months ago,21,399
2011 Nissan Quest 3.5SL,Nissan Quest,44086,149,8.55,2.179,2015-08-09,221,9,8,2015,17.42690058479532,13.480798027871746,18.63045,Over 6 months ago,13,149
2011 Nissan Quest 3.5SL,Nissan Quest,44398,312,14.76,2.099,2015-08-15,227,15,8,2015,21.13821138211382,11.113926471291295,30.981240000000003,Over 6 months ago,6,312
2011 Nissan Quest 3.5SL,Nissan Quest,44674,276,14.09,2.019,2015-08-23,235,23,8,2015,19.588360539389637,11.993271543221553,28.44771,Over 6 months ago,8,276
2013 Nissan Altima 2.5SV,Nissan Altima,13576,396,13.8,2.099,2015-08-24,236,24,8,2015,28.695652173913043,8.186903214870897,28.966200000000004,Over 6 months ago,24,396
2011 Nissan Quest 3.5SL,Nissan Quest,44924,250,12.34,1.959,2015-08-30,242,30,8,2015,20.25931928687196,11.596072094468614,24.17406,Over 6 months ago,7,250
2013 Nissan Altima 2.5SV,Nissan Altima,14034,458,15.17,1.699,2015-09-12,255,12,9,2015,30.19116677653263,7.78136627757076,25.77383,Over 6 months ago,19,458
2011 Nissan Quest 3.5SL,Nissan Quest,45254,330,16.7,1.839,2015-09-18,261,18,9,2015,19.76047904191617,11.8888072772473,30.711299999999998,Over 6 months ago,19,330
2011 Nissan Quest 3.5SL,Nissan Quest,45507,253,11.73,1.749,2015-09-26,269,26,9,2015,21.56862745098039,10.892140798915195,20.515770000000003,Over 6 months ago,8,253
2013 Nissan Altima 2.5SV,Nissan Altima,14423,389,13.45,1.959,2015-09-30,273,30,9,2015,28.92193308550186,8.122850099296853,26.34855,Over 6 months ago,18,389
2011 Nissan Quest 3.5SL,Nissan Quest,45857,350,17.25,1.799,2015-10-10,283,10,10,2015,20.28985507246377,11.578620261031697,31.03275,Over 6 months ago,14,350
2011 Nissan Quest 3.5SL,Nissan Quest,46121,264,12.36,1.859,2015-10-17,290,17,10,2015,21.359223300970875,10.998926493022203,22.97724,Over 6 months ago,7,264
2013 Nissan Altima 2.5SV,Nissan Altima,14930,507,15.63,1.749,2015-10-18,291,18,10,2015,32.437619961612285,7.242471158902769,27.336870000000005,Over 6 months ago,18,507
2011 Nissan Quest 3.5SL,Nissan Quest,46493,372,17.48,1.699,2015-11-01,305,1,11,2015,21.28146453089245,11.03911465747108,29.698520000000002,Over 6 months ago,15,372
2013 Nissan Altima 2.5SV,Nissan Altima,15373,443,15.34,1.899,2015-11-04,308,4,11,2015,28.878748370273794,8.134996850391492,29.13066,Over 6 months ago,17,443
2011 Nissan Quest 3.5SL,Nissan Quest,46802,309,15.4,1.819,2015-11-14,318,14,11,2015,20.064935064935064,11.708412027008274,28.0126,Over 6 months ago,13,309
2011 Nissan Quest 3.5SL,Nissan Quest,47117,315,12.99,1.819,2015-11-15,319,15,11,2015,24.249422632794456,9.688004972032319,23.62881,Over 6 months ago,1,315
2013 Nissan Altima 2.5SV,Nissan Altima,15838,465,16.89,1.649,2015-11-27,331,27,11,2015,27.53108348134991,8.533210369093206,27.85161,Over 6 months ago,23,465
2011 Nissan Quest 3.5SL,Nissan Quest,47432,315,15.92,1.629,2015-12-03,337,3,12,2015,19.78643216080402,11.873213175885644,25.93368,Over 6 months ago,18,315
2013 Nissan Altima 2.5SV,Nissan Altima,16189,351,12.66,1.679,2015-12-11,345,11,12,2015,27.725118483412324,8.473490462303388,21.256140000000002,Over 6 months ago,14,351
2011 Nissan Quest 3.5SL,Nissan Quest,47787,355,16.97,1.759,2015-12-16,350,16,12,2015,20.919269298762522,11.230245362792042,29.850229999999996,Over 6 months ago,13,355
2011 Nissan Quest 3.5SL,Nissan Quest,48090,303,14.31,1.699,2015-12-26,360,26,12,2015,21.17400419287212,11.095139346128521,24.312690000000003,Over 6 months ago,10,303
2013 Nissan Altima 2.5SV,Nissan Altima,16609,420,14.56,1.659,2016-01-06,6,6,1,2016,28.846153846153847,8.144188937228092,24.15504,Over 6 months ago,26,420
2011 Nissan Quest 3.5SL,Nissan Quest,48383,293,15.41,1.549,2016-01-09,9,9,1,2016,19.01362751460091,12.355797275139626,23.870089999999998,Over 6 months ago,14,293
2011 Nissan Quest 3.5SL,Nissan Quest,48573,190,9.6,1.499,2016-01-16,16,16,1,2016,19.791666666666668,11.870072944947825,14.390400000000001,Over 6 months ago,7,190
2013 Nissan Altima 2.5SV,Nissan Altima,17007,398,15.1,1.589,2016-01-28,28,28,1,2016,26.357615894039736,8.913117483002333,23.9939,Over 6 months ago,22,398
2011 Nissan Quest 3.5SL,Nissan Quest,48870,297,15,1.589,2016-01-29,29,29,1,2016,19.8,11.8650771230013,23.835,Over 6 months ago,13,297
2013 Nissan Altima 2.5SV,Nissan Altima,17448,441,15.76,1.439,2016-02-13,44,13,2,2016,27.982233502538072,8.395631714463287,22.67864,Over 6 months ago,16,441
2011 Nissan Quest 3.5SL,Nissan Quest,49108,238,12.33,1.299,2016-02-14,45,14,2,2016,19.302514193025143,12.170877051877307,16.016669999999998,Over 6 months ago,16,238
2013 Nissan Altima 2.5SV,Nissan Altima,17852,404,14.5,1.499,2016-02-29,60,29,2,2016,27.862068965517242,8.431840698053646,21.735500000000002,Over 6 months ago,16,404
2011 Nissan Quest 3.5SL,Nissan Quest,49380,272,13.6,1.399,2016-03-02,62,2,3,2016,20,11.746426351771287,19.0264,Over 6 months ago,17,272
2011 Nissan Quest 3.5SL,Nissan Quest,49635,255,12.7,1.559,2016-03-13,73,13,3,2016,20.078740157480315,11.700361934705517,19.7993,Over 6 months ago,11,255
2013 Nissan Altima 2.5SV,Nissan Altima,18303,451,15.75,1.699,2016-03-18,78,18,3,2016,28.634920634920636,8.204266742367972,26.75925,Over 6 months ago,18,451
2011 Nissan Quest 3.5SL,Nissan Quest,49967,332,16.17,1.859,2016-03-25,85,25,3,2016,20.531849103277672,11.442151452297695,30.060030000000005,Over 6 months ago,12,332
2013 Nissan Altima 2.5SV,Nissan Altima,18800,497,16.33,1.839,2016-04-04,95,4,4,2016,30.434782608695656,7.71908017402113,30.030869999999997,Over 6 months ago,17,497
2011 Nissan Quest 3.5SL,Nissan Quest,50215,248,12.34,1.799,2016-04-10,101,10,4,2016,20.097244732576986,11.689588804907878,22.199659999999998,Over 6 months ago,16,248
2011 Nissan Quest 3.5SL,Nissan Quest,50475,260,12.25,1.889,2016-04-17,108,17,4,2016,21.224489795918366,11.068747908399867,23.14025,Over 6 months ago,7,260
2013 Nissan Altima 2.5SV,Nissan Altima,19280,480,15.1,1.688,2016-04-24,115,24,4,2016,31.788079470198678,7.390459912989434,25.488799999999998,Over 6 months ago,20,480
2011 Nissan Quest 3.5SL,Nissan Quest,50724,249,12.33,1.979,2016-04-30,121,30,4,2016,20.194647201946474,11.633207784525297,24.40107,Over 6 months ago,13,249
2011 Nissan Quest 3.5SL,Nissan Quest,51059,335,16.75,1.929,2016-05-12,133,12,5,2016,20,11.746426351771287,32.31075,Over 6 months ago,12,335
2013 Nissan Altima 2.5SV,Nissan Altima,19688,408,14.06,1.999,2016-05-18,139,18,5,2016,29.01849217638691,8.095821299309035,28.105940000000004,Over 6 months ago,24,408
2011 Nissan Quest 3.5SL,Nissan Quest,51389,330,15.8,1.859,2016-05-25,146,25,5,2016,20.886075949367086,11.248093112605233,29.3722,Over 6 months ago,13,330
2011 Nissan Quest 3.5SL,Nissan Quest,51679,290,13.75,1.859,2016-05-29,150,29,5,2016,21.09090909090909,11.13885257495553,25.56125,Over 6 months ago,4,290
2011 Nissan Quest 3.5SL,Nissan Quest,51921,242,12.13,1.899,2016-06-05,157,5,6,2016,19.95053586150041,11.775549722891382,23.03487,Over 6 months ago,7,242
2011 Nissan Quest 3.5SL,Nissan Quest,52273,352,16.23,2.199,2016-06-06,158,6,6,2016,21.68823166974738,10.832073845979998,35.689769999999996,Over 6 months ago,1,352
2011 Nissan Quest 3.5SL,Nissan Quest,52540,267,13.51,2.199,2016-06-10,162,10,6,2016,19.763138415988156,11.887207491567796,29.708489999999998,Over 6 months ago,4,267
2011 Nissan Quest 3.5SL,Nissan Quest,52787,247,12.96,1.859,2016-06-12,164,12,6,2016,19.058641975308642,12.326614212061203,24.092640000000003,Over 6 months ago,2,247
2011 Nissan Quest 3.5SL,Nissan Quest,53073,286,15.21,2.279,2016-06-18,170,18,6,2016,18.803418803418804,12.493926210520367,34.66359,Over 6 months ago,6,286
2011 Nissan Quest 3.5SL,Nissan Quest,53358,285,14.14,1.989,2016-06-24,176,24,6,2016,20.155586987270155,11.655752183441825,28.124460000000003,Over 6 months ago,6,285
2013 Nissan Altima 2.5SV,Nissan Altima,20149,461,15.6,1.899,2016-06-29,181,29,6,2016,29.55128205128205,7.949859049354971,29.6244,Over 6 months ago,42,461
2011 Nissan Quest 3.5SL,Nissan Quest,53624,266,14.49,1.859,2016-07-10,192,10,7,2016,18.357487922705314,12.797422393771875,26.93691,Over 6 months ago,16,266
2013 Nissan Altima 2.5SV,Nissan Altima,20584,435,14.77,1.799,2016-07-22,204,22,7,2016,29.45159106296547,7.9767686076166395,26.57123,Over 6 months ago,23,435
2011 Nissan Quest 3.5SL,Nissan Quest,53917,293,15.69,1.739,2016-08-07,220,7,8,2016,18.674314850223073,12.580302352170067,27.28491,Over 6 months ago,28,293
2013 Nissan Altima 2.5SV,Nissan Altima,20999,415,14.65,1.639,2016-08-07,220,7,8,2016,28.327645051194537,8.293260050768644,24.01135,Over 6 months ago,16,415
2013 Nissan Altima 2.5SV,Nissan Altima,21436,437,15.54,1.899,2016-08-24,237,24,8,2016,28.120978120978123,8.354208947667084,29.51046,Over 6 months ago,17,437
2011 Nissan Quest 3.5SL,Nissan Quest,54237,320,17.08,1.799,2016-08-28,241,28,8,2016,18.735362997658083,12.539310130515846,30.726919999999996,Over 6 months ago,21,320
2013 Nissan Altima 2.5SV,Nissan Altima,21881,445,15.28,1.899,2016-09-09,253,9,9,2016,29.12303664921466,8.06675931034001,29.01672,Over 6 months ago,16,445
2011 Nissan Quest 3.5SL,Nissan Quest,54479,242,13.18,1.699,2016-09-11,255,11,9,2016,18.361153262518968,12.794867712094675,22.39282,Over 6 months ago,14,242
2011 Nissan Quest 3.5SL,Nissan Quest,54622,143,8.07,2.099,2016-09-16,260,16,9,2016,17.71995043370508,13.257854637593606,16.938930000000003,Over 6 months ago,5,143
2013 Nissan Altima 2.5SV,Nissan Altima,22117,236,6.76,1.749,2016-09-17,261,17,9,2016,34.9112426035503,6.729308655760499,11.82324,Over 6 months ago,8,236
2013 Nissan Altima 2.5SV,Nissan Altima,22502,385,12.88,2.079,2016-09-30,274,30,9,2016,29.891304347826086,7.859427086276061,26.777520000000003,Over 6 months ago,13,385
2011 Nissan Quest 3.5SL,Nissan Quest,54951,329,16.75,1.899,2016-10-15,289,15,10,2016,19.64179104477612,11.960646893140975,31.80825,Over 6 months ago,29,329
2013 Nissan Altima 2.5SV,Nissan Altima,22957,455,14.33,1.889,2016-10-16,290,16,10,2016,31.751570132588974,7.398957785533298,27.06937,Over 6 months ago,16,455
2011 Nissan Quest 3.5SL,Nissan Quest,55167,216,10.87,1.899,2016-10-23,297,23,10,2016,19.87120515179393,11.822560596643877,20.642129999999998,Over 6 months ago,8,216
2011 Nissan Quest 3.5SL,Nissan Quest,55373,206,10.17,1.879,2016-10-30,304,30,10,2016,20.255653883972467,11.598170485195533,19.10943,Over 6 months ago,7,206
2013 Nissan Altima 2.5SV,Nissan Altima,23385,428,14.12,2.059,2016-11-01,306,1,11,2016,30.311614730878187,7.750445798458438,29.07308,Over 6 months ago,16,428
2013 Nissan Altima 2.5SV,Nissan Altima,23852,467,16.15,1.959,2016-11-17,322,17,11,2016,28.916408668730654,8.124401952081639,31.637849999999997,Over 6 months ago,16,467
2011 Nissan Quest 3.5SL,Nissan Quest,55718,345,17.59,1.799,2016-11-19,324,19,11,2016,19.61341671404207,11.977950117545328,31.644409999999997,Over 6 months ago,20,345
2011 Nissan Quest 3.5SL,Nissan Quest,55981,263,13.47,1.799,2016-12-03,338,3,12,2016,19.524870081662954,12.032270947403743,24.23253,Over 6 months ago,14,263
2013 Nissan Altima 2.5SV,Nissan Altima,24324,472,16.02,1.959,2016-12-10,345,10,12,2016,29.463171036204745,7.97363348116,31.38318,Over 6 months ago,23,472
2011 Nissan Quest 3.5SL,Nissan Quest,56212,231,12.44,1.979,2016-12-18,353,18,12,2016,18.569131832797428,12.651562235154529,24.61876,Over 6 months ago,15,231
2013 Nissan Altima 2.5SV,Nissan Altima,24698,374,14.1,2.059,2016-12-27,362,27,12,2016,26.52482269503546,8.856931099463912,29.0319,Over 6 months ago,17,374
2013 Nissan Altima 2.5SV,Nissan Altima,25245,547,16.82,2.159,2017-01-03,3,3,1,2017,32.52080856123662,7.223944834983293,36.31438,Over 6 months ago,7,547
2011 Nissan Quest 3.5SL,Nissan Quest,56498,286,14.96,2.159,2017-01-06,6,6,1,2017,19.11764705882353,12.288569106468422,32.29864,Over 6 months ago,19,286
2011 Nissan Quest 3.5SL,Nissan Quest,56751,253,12.86,1.959,2017-01-22,22,22,1,2017,19.673405909797825,11.94142631492322,25.19274,Over 6 months ago,16,253
2013 Nissan Altima 2.5SV,Nissan Altima,25690,445,15.11,1.999,2017-01-27,27,27,1,2017,29.450694904037064,7.9770113337197355,30.20489,Over 6 months ago,24,445
2011 Nissan Quest 3.5SL,Nissan Quest,57062,311,15.91,1.899,2017-02-04,35,4,2,2017,19.54745443117536,12.01836934126567,30.21309,Over 6 months ago,13,311
2013 Nissan Altima 2.5SV,Nissan Altima,26153,463,16.28,2.099,2017-02-14,45,14,2,2017,28.439803439803438,8.260553823189484,34.17172000000001,Over 6 months ago,18,463
2011 Nissan Quest 3.5SL,Nissan Quest,57335,273,14.91,1.909,2017-02-18,49,18,2,2017,18.309859154929576,12.83071186116556,28.46319,Over 6 months ago,14,273
2013 Nissan Altima 2.5SV,Nissan Altima,26411,258,8.97,1.999,2017-02-26,57,26,2,2017,28.762541806020064,8.167863905068872,17.931030000000003,Over 6 months ago,12,258
2011 Nissan Quest 3.5SL,Nissan Quest,57670,335,15.51,1.999,2017-03-05,64,5,3,2017,21.598968407479045,10.876840162147621,31.00449,Over 6 months ago,15,335
2013 Nissan Altima 2.5SV,Nissan Altima,26857,446,14.11,1.959,2017-03-10,69,10,3,2017,31.608788093550675,7.4323800817709795,27.64149,Over 6 months ago,12,446
2011 Nissan Quest 3.5SL,Nissan Quest,57905,235,11.55,1.919,2017-03-12,71,12,3,2017,20.346320346320343,11.546487179826245,22.164450000000002,Over 6 months ago,7,235
2011 Nissan Quest 3.5SL,Nissan Quest,58219,314,16.19,1.869,2017-03-25,84,25,3,2017,19.394688079061147,12.113034562750137,30.259110000000003,Over 6 months ago,13,314
2013 Nissan Altima 2.5SV,Nissan Altima,27298,441,15.41,1.869,2017-04-02,92,2,4,2017,28.61778066190785,8.20918050253041,28.80129,Over 6 months ago,23,441
2011 Nissan Quest 3.5SL,Nissan Quest,58482,263,13.09,1.999,2017-04-04,94,4,4,2017,20.091673032849503,11.692830490090202,26.16691,Over 6 months ago,10,263
2013 Nissan Altima 2.5SV,Nissan Altima,27768,470,15.5,1.999,2017-04-18,108,18,4,2017,30.322580645161292,7.747642912870423,30.9845,Over 6 months ago,16,470
2011 Nissan Quest 3.5SL,Nissan Quest,58831,349,17.01,1.999,2017-04-20,110,20,4,2017,20.51734273956496,11.450241389319748,34.002990000000004,Over 6 months ago,16,349
2013 Nissan Altima 2.5SV,Nissan Altima,28205,437,15.21,1.929,2017-05-06,126,6,5,2017,28.731097961867192,8.176802966152918,29.340090000000004,Over 6 months ago,18,437
2011 Nissan Quest 3.5SL,Nissan Quest,59149,318,16.87,1.939,2017-05-11,131,11,5,2017,18.85002963841138,12.46303223612463,32.710930000000005,Over 6 months ago,21,318
2011 Nissan Quest 3.5SL,Nissan Quest,59295,146,7.79,1.999,2017-05-20,140,20,5,2017,18.741976893453145,12.534885106890181,15.57221,Over 6 months ago,9,146
2011 Nissan Quest 3.5SL,Nissan Quest,59625,330,16.95,1.949,2017-05-27,147,27,5,2017,19.469026548672566,12.066783434092322,33.03555,Over 6 months ago,7,330
2013 Nissan Altima 2.5SV,Nissan Altima,28661,456,15.09,1.949,2017-05-27,147,27,5,2017,30.218687872763418,7.774279545974944,29.410410000000002,Over 6 months ago,21,456
2011 Nissan Quest 3.5SL,Nissan Quest,59999,374,17.52,1.949,2017-06-01,152,1,6,2017,21.34703196347032,11.005208004440263,34.14648,Over 6 months ago,5,374
2011 Nissan Quest 3.5SL,Nissan Quest,60368,369,16.89,1.939,2017-06-04,155,4,6,2017,21.847246891651864,10.753232578938594,32.74971,Over 6 months ago,3,369
2011 Nissan Quest 3.5SL,Nissan Quest,60732,364,16.38,2.129,2017-06-10,161,10,6,2017,22.222222222222225,10.571783716594156,34.87302,Over 6 months ago,6,364
2011 Nissan Quest 3.5SL,Nissan Quest,61010,278,13.06,1.859,2017-06-11,162,11,6,2017,21.28637059724349,11.036570370800936,24.27854,Over 6 months ago,1,278
2011 Nissan Quest 3.5SL,Nissan Quest,61125,115,6.65,1.899,2017-06-16,167,16,6,2017,17.293233082706767,13.584997432918097,12.628350000000001,Over 6 months ago,5,115
2011 Nissan Quest 3.5SL,Nissan Quest,61424,299,13.07,1.849,2017-06-18,169,18,6,2017,22.87681713848508,10.2692837737559,24.166430000000002,Over 6 months ago,2,299
2011 Nissan Quest 3.5SL,Nissan Quest,61757,333,16.94,1.759,2017-07-02,183,2,7,2017,19.657615112160567,11.951018762703038,29.79746,Over 6 months ago,14,333
2013 Nissan Altima 2.5SV,Nissan Altima,29118,457,15.35,1.799,2017-07-03,184,3,7,2017,29.77198697068404,7.890925361036729,27.614649999999997,Over 6 months ago,37,457
2011 Nissan Quest 3.5SL,Nissan Quest,62032,275,13.91,1.789,2017-07-16,197,16,7,2017,19.76994967649173,11.883112040228262,24.88499,Over 6 months ago,14,275
2013 Nissan Altima 2.5SV,Nissan Altima,29523,405,12.95,1.959,2017-07-18,199,18,7,2017,31.274131274131275,7.511912160762378,25.369049999999998,Over 6 months ago,15,405
2011 Nissan Quest 3.5SL,Nissan Quest,62320,288,14.14,1.959,2017-07-30,211,30,7,2017,20.367751060820368,11.534338098197638,27.700260000000004,Over 6 months ago,14,288
2013 Nissan Altima 2.5SV,Nissan Altima,29977,454,15.92,2.099,2017-08-09,221,9,8,2017,28.517587939698494,8.2380223577180125,33.41608,Over 6 months ago,22,454
2011 Nissan Quest 3.5SL,Nissan Quest,62601,281,14.12,1.959,2017-08-15,227,15,8,2017,19.900849858356942,11.804949472385093,27.66108,Over 6 months ago,16,281
2013 Nissan Altima 2.5SV,Nissan Altima,30362,385,13.79,2.099,2017-08-25,237,25,8,2017,27.918781725888326,8.414712695632522,28.94521,Over 6 months ago,16,385
2011 Nissan Quest 3.5SL,Nissan Quest,62751,150,8.43,1.939,2017-08-26,238,26,8,2017,17.793594306049823,13.202983219390926,16.34577,Over 6 months ago,11,150
2013 Nissan Altima 2.5SV,Nissan Altima,30788,426,13.47,2.499,2017-09-05,248,5,9,2017,31.625835189309576,7.428373847810293,33.661530000000006,Over 6 months ago,11,426
2011 Nissan Quest 3.5SL,Nissan Quest,62929,178,9.04,2.499,2017-09-08,251,8,9,2017,19.690265486725664,11.931201597754205,22.59096,Over 6 months ago,13,178
2013 Nissan Altima 2.5SV,Nissan Altima,31209,421,14.24,2.259,2017-09-22,265,22,9,2017,29.564606741573034,7.9462760688467045,32.16816,Over 6 months ago,17,421
2011 Nissan Quest 3.5SL,Nissan Quest,63170,241,13.08,2.259,2017-09-23,266,23,9,2017,18.425076452599388,12.750477732877048,29.547719999999998,Over 6 months ago,15,241
2011 Nissan Quest 3.5SL,Nissan Quest,63448,278,15,2.099,2017-10-07,280,7,10,2017,18.533333333333335,12.675999660184841,31.485000000000003,Over 6 months ago,14,278
2013 Nissan Altima 2.5SV,Nissan Altima,31616,407,14.16,2.239,2017-10-12,285,12,10,2017,28.742937853107346,8.17343474894749,31.70424,Over 6 months ago,20,407
2011 Nissan Quest 3.5SL,Nissan Quest,63726,278,14.34,2.049,2017-10-21,294,21,10,2017,19.386331938633194,12.118255675136709,29.382659999999998,Over 6 months ago,14,278
2013 Nissan Altima 2.5SV,Nissan Altima,32066,450,15.55,2.099,2017-10-29,302,29,10,2017,28.938906752411576,8.118085767557488,32.639450000000004,Over 6 months ago,17,450
2011 Nissan Quest 3.5SL,Nissan Quest,64000,274,14.4,2.099,2017-11-08,312,8,11,2017,19.02777777777778,12.346608720109964,30.225600000000004,Over 6 months ago,18,274
2013 Nissan Altima 2.5SV,Nissan Altima,32528,462,15.54,2.259,2017-11-11,315,11,11,2017,29.72972972972973,7.902141363918865,35.104859999999995,Over 6 months ago,13,462
2013 Nissan Altima 2.5SV,Nissan Altima,32939,411,13.83,2.099,2017-11-25,329,25,11,2017,29.718004338394795,7.905259194403741,29.029170000000004,Over 6 months ago,14,411
2011 Nissan Quest 3.5SL,Nissan Quest,64355,355,17.69,2.099,2017-12-03,337,3,12,2017,20.06783493499152,11.706720121849806,37.131310000000006,Over 6 months ago,25,355
2013 Nissan Altima 2.5SV,Nissan Altima,33342,403,15.14,2.099,2017-12-14,348,14,12,2017,26.618229854689563,8.82585086678994,31.778860000000005,Over 6 months ago,19,403
2011 Nissan Quest 3.5SL,Nissan Quest,64644,289,14.45,2.199,2017-12-27,361,27,12,2017,20,11.746426351771287,31.775549999999996,Over 6 months ago,24,289
2013 Nissan Altima 2.5SV,Nissan Altima,33785,443,16.19,2.199,2018-01-09,9,9,1,2018,27.36256948733786,8.585762647186327,35.60181,Over 6 months ago,26,443
2011 Nissan Quest 3.5SL,Nissan Quest,64946,302,15.83,2.139,2018-01-12,12,12,1,2018,19.077700568540745,12.314299943611886,33.860369999999996,Over 6 months ago,16,302
2013 Nissan Altima 2.5SV,Nissan Altima,34269,484,15.9,2.287,2018-01-25,25,25,1,2018,30.440251572327043,7.7176933468249365,36.3633,Over 6 months ago,16,484
2011 Nissan Quest 3.5SL,Nissan Quest,65283,337,17.48,2.229,2018-02-10,41,10,2,2018,19.279176201372998,12.18561024504226,38.962920000000004,Over 6 months ago,29,337
2013 Nissan Altima 2.5SV,Nissan Altima,34686,417,15.59,2.249,2018-02-20,51,20,2,2018,26.74791533033996,8.783059320101408,35.061910000000005,Over 6 months ago,26,417
2011 Nissan Quest 3.5SL,Nissan Quest,65574,291,14.91,2.099,2018-02-25,56,25,2,2018,19.517102615694164,12.037059581093464,31.296090000000003,Over 6 months ago,15,291
2011 Nissan Quest 3.5SL,Nissan Quest,65857,283,13.99,2.099,2018-03-11,70,11,3,2018,20.228734810578985,11.613604569701788,29.36501,Over 6 months ago,14,283
2013 Nissan Altima 2.5SV,Nissan Altima,35119,433,15.51,2.199,2018-03-13,72,13,3,2018,27.917472598323663,8.415107284802431,34.106489999999994,Over 6 months ago,21,433
2011 Nissan Quest 3.5SL,Nissan Quest,66169,312,15.63,2.389,2018-03-24,83,24,3,2018,19.961612284069098,11.769015633217,37.34007,Over 6 months ago,13,312
2011 Nissan Quest 3.5SL,Nissan Quest,66453,284,14.32,2.379,2018-04-03,93,3,4,2018,19.83240223463687,11.845691926574988,34.067280000000004,Over 6 months ago,10,284
2013 Nissan Altima 2.5SV,Nissan Altima,35508,389,14.15,2.379,2018-04-08,98,8,4,2018,27.491166077738516,8.545600662085537,33.66285,Over 6 months ago,26,389
2011 Nissan Quest 3.5SL,Nissan Quest,66779,326,16.55,2.399,2018-04-18,108,18,4,2018,19.69788519637462,11.926586265142012,39.703450000000004,Over 6 months ago,15,326
2013 Nissan Altima 2.5SV,Nissan Altima,35940,432,13.68,2.379,2018-04-22,112,22,4,2018,31.578947368421055,7.439403356121814,32.54472,Over 6 months ago,14,432
2011 Nissan Quest 3.5SL,Nissan Quest,67074,295,15.32,2.43,2018-05-06,126,6,5,2018,19.255874673629243,12.200356048077024,37.2276,Over 6 months ago,18,295
2013 Nissan Altima 2.5SV,Nissan Altima,36400,460,15.23,2.429,2018-05-13,133,13,5,2018,30.203545633617857,7.7781771016294226,36.99367,Over 6 months ago,21,460
2011 Nissan Quest 3.5SL,Nissan Quest,67344,270,14.34,2.47,2018-05-19,139,19,5,2018,18.82845188284519,12.477315102548165,35.4198,Over 6 months ago,13,270
2011 Nissan Quest 3.5SL,Nissan Quest,67632,288,14.23,2.59,2018-05-26,146,26,5,2018,20.238931834153195,11.60775326289621,36.8557,Over 6 months ago,7,288
2011 Nissan Quest 3.5SL,Nissan Quest,67960,328,15.52,2.48,2018-05-31,151,31,5,2018,21.1340206185567,11.116130303627461,38.489599999999996,Over 6 months ago,5,328
2011 Nissan Quest 3.5SL,Nissan Quest,68308,348,15.89,2.45,2018-06-04,155,4,6,2018,21.900566393958464,10.727052570669295,38.9305,Over 6 months ago,4,348
2011 Nissan Quest 3.5SL,Nissan Quest,68581,273,13.79,2.47,2018-06-07,158,7,6,2018,19.796954314720814,11.86690251948176,34.0613,Over 6 months ago,3,273
2011 Nissan Quest 3.5SL,Nissan Quest,68933,352,15.42,2.7,2018-06-09,160,9,6,2018,22.827496757457848,10.291471269563251,41.634,Over 6 months ago,2,352
2011 Nissan Quest 3.5SL,Nissan Quest,69229,296,13.57,2.7,2018-06-16,167,16,6,2018,21.812822402358144,10.770203080644349,36.639,Over 6 months ago,7,296
2011 Nissan Quest 3.5SL,Nissan Quest,69470,241,11.38,2.4,2018-06-17,168,17,6,2018,21.17750439367311,11.09330555046948,27.312,Over 6 months ago,1,241
2013 Nissan Altima 2.5SV,Nissan Altima,36839,439,15.78,2.459,2018-06-20,171,20,6,2018,27.82002534854246,8.444583500271111,38.80302,Over 6 months ago,38,439
2011 Nissan Quest 3.5SL,Nissan Quest,69773,303,15.74,2.46,2018-07-01,182,1,7,2018,19.250317662007625,12.20387793906799,38.7204,Over 6 months ago,14,303
2011 Nissan Quest 3.5SL,Nissan Quest,70064,291,15.69,2.54,2018-07-15,196,15,7,2018,18.546845124282985,12.66676491129151,39.8526,Over 6 months ago,14,291
2013 Nissan Altima 2.5SV,Nissan Altima,37279,440,15.13,2.539,2018-07-17,198,17,7,2018,29.081295439524123,8.078337759195435,38.41507000000001,Over 6 months ago,27,440
2011 Nissan Quest 3.5SL,Nissan Quest,70318,254,12.77,2.47,2018-07-29,210,29,7,2018,19.890368050117463,11.811170434025144,31.541900000000002,Over 6 months ago,14,254
2013 Nissan Altima 2.5SV,Nissan Altima,37689,410,14.85,2.559,2018-08-07,219,7,8,2018,27.60942760942761,8.50899664994164,38.00115,Over 6 months ago,21,410
2011 Nissan Quest 3.5SL,Nissan Quest,70668,350,16.79,2.489,2018-08-16,228,16,8,2018,20.845741512805244,11.26985705407085,41.79031,Over 6 months ago,18,350
2013 Nissan Altima 2.5SV,Nissan Altima,38161,472,13.92,2.319,2018-08-19,231,19,8,2018,33.9080459770115,6.928400627824419,32.28048,Over 6 months ago,12,472
2011 Nissan Quest 3.5SL,Nissan Quest,70962,294,15.01,2.499,2018-09-01,244,1,9,2018,19.586942038640906,11.994140104767824,37.50999,Over 6 months ago,16,294
2011 Nissan Quest 3.5SL,Nissan Quest,71164,202,10.45,2.599,2018-09-11,254,11,9,2018,19.33014354066986,12.153480730298012,27.15955,Over 6 months ago,10,202
2013 Nissan Altima 2.5SV,Nissan Altima,38552,391,14.02,2.599,2018-09-11,254,11,9,2018,27.888730385164052,8.423779920809894,36.43798,Over 6 months ago,23,391
2011 Nissan Quest 3.5SL,Nissan Quest,71420,256,12.773,2.469,2018-09-23,266,23,9,2018,20.04227667736632,11.721648733685518,31.536537,Over 6 months ago,12,256
2013 Nissan Altima 2.5SV,Nissan Altima,38971,419,15.499,2.469,2018-10-06,279,6,10,2018,27.034002193689915,8.690112745876046,38.267030999999996,Over 6 months ago,25,419
2011 Nissan Quest 3.5SL,Nissan Quest,71746,326,17.891,2.449,2018-10-13,286,13,10,2018,18.22145212676765,12.89296404046258,43.81505899999999,Over 6 months ago,20,326
2011 Nissan Quest 3.5SL,Nissan Quest,72020,274,13.466,2.439,2018-10-27,300,27,10,2018,20.34754195752265,11.5457939600695,32.843574,Over 6 months ago,14,274
2013 Nissan Altima 2.5SV,Nissan Altima,39334,363,12.718,2.299,2018-10-28,301,28,10,2018,28.54222362006605,8.230911864563483,29.238682,Over 6 months ago,22,363
2011 Nissan Quest 3.5SL,Nissan Quest,72294,274,13.118,2.169,2018-11-11,315,11,11,2018,20.88733038572953,11.247417582666843,28.452942,Over 6 months ago,15,274
2013 Nissan Altima 2.5SV,Nissan Altima,39778,444,15.769,2.139,2018-11-18,322,18,11,2018,28.15650960745767,8.34366653788655,33.729890999999995,Over 6 months ago,21,444
2011 Nissan Quest 3.5SL,Nissan Quest,72555,261,14.116,1.929,2018-12-02,336,2,12,2018,18.489657126664778,12.705942864490687,27.229764,Over 6 months ago,21,261
2013 Nissan Altima 2.5SV,Nissan Altima,40154,376,12.856,1.999,2018-12-06,340,6,12,2018,29.24704418170504,8.03255623289211,25.699144,Over 6 months ago,18,376
2011 Nissan Quest 3.5SL,Nissan Quest,72860,305,15.466,1.759,2018-12-23,357,23,12,2018,19.72067761541446,11.912801964360309,27.204693999999996,Over 6 months ago,21,305
2013 Nissan Altima 2.5SV,Nissan Altima,40616,462,16.398,1.799,2018-12-30,364,30,12,2018,28.17416758141237,8.338437199841799,29.500002,Over 6 months ago,24,462
2013 Nissan Altima 2.5SV,Nissan Altima,41191,575,16.513,1.659,2019-01-05,5,5,1,2019,34.82105008175377,6.746738725106061,27.395067000000004,Over 6 months ago,6,575
2011 Nissan Quest 3.5SL,Nissan Quest,73187,327,16.95,1.859,2019-01-18,18,18,1,2019,19.29203539823009,12.177487869267479,31.51005,Over 6 months ago,26,327
2013 Nissan Altima 2.5SV,Nissan Altima,41602,411,16.388,1.959,2019-01-31,31,31,1,2019,25.079326336343662,9.367417764127877,32.104092,Over 6 months ago,26,411
2011 Nissan Quest 3.5SL,Nissan Quest,73476,289,15.196,1.929,2019-02-03,34,3,2,2019,19.018162674387998,12.352850854084185,29.313084,Over 6 months ago,16,289
2011 Nissan Quest 3.5SL,Nissan Quest,73755,279,14.151,1.979,2019-02-16,47,16,2,2019,19.715921136315455,11.91567593576455,28.004829,Over 6 months ago,13,279
2013 Nissan Altima 2.5SV,Nissan Altima,42073,471,16.596,2.079,2019-02-27,58,27,2,2019,28.380332610267534,8.277863767897932,34.503084,Over 6 months ago,27,471
2011 Nissan Quest 3.5SL,Nissan Quest,74025,270,12.87,2.019,2019-03-03,62,3,3,2019,20.97902097902098,11.198259788688626,25.98453,Over 6 months ago,15,270
2013 Nissan Altima 2.5SV,Nissan Altima,42459,386,13.729,2.149,2019-03-16,75,16,3,2019,28.11566756500838,8.355786911060516,29.503621,Over 6 months ago,17,386
2011 Nissan Quest 3.5SL,Nissan Quest,74283,258,13.177,2.239,2019-03-17,76,17,3,2019,19.57957046368673,11.998655816844204,29.503303,Over 6 months ago,14,258
2011 Nissan Quest 3.5SL,Nissan Quest,74525,242,12.897,2.289,2019-03-31,90,31,3,2019,18.764053655888965,12.520137244528454,29.521233000000002,Over 6 months ago,14,242
2013 Nissan Altima 2.5SV,Nissan Altima,42945,486,16.358,2.399,2019-04-10,100,10,4,2019,29.710233524880792,7.907326842068918,39.242842,Over 6 months ago,25,486
2011 Nissan Quest 3.5SL,Nissan Quest,74757,232,11.61,2.395,2019-04-14,104,14,4,2019,19.982773471145567,11.75655258138488,27.80595,Over 6 months ago,14,232
2013 Nissan Altima 2.5SV,Nissan Altima,43416,471,16.123,2.519,2019-05-01,121,1,5,2019,29.212925634187183,8.041937667499298,40.613837000000004,Over 6 months ago,21,471
2011 Nissan Quest 3.5SL,Nissan Quest,75073,316,16.318,2.459,2019-05-04,124,4,5,2019,19.365118274298318,12.131530709379993,40.125962,Over 6 months ago,20,316
2013 Nissan Altima 2.5SV,Nissan Altima,43663,247,7.896,2.449,2019-05-13,133,13,5,2019,31.281661600810537,7.510103844015067,19.337304,Over 6 months ago,12,247
2011 Nissan Quest 3.5SL,Nissan Quest,75353,280,14.441,2.329,2019-05-19,139,19,5,2019,19.389238972370332,12.116438781852084,33.633089000000005,Over 6 months ago,15,280
2011 Nissan Quest 3.5SL,Nissan Quest,75600,247,12.862,2.429,2019-05-25,145,25,5,2019,19.20385632094542,12.23340370335889,31.241798,Over 6 months ago,6,247
2011 Nissan Quest 3.5SL,Nissan Quest,75844,244,12.101,2.399,2019-05-27,147,27,5,2019,20.163622841087513,11.65110699039216,29.030299000000003,Over 6 months ago,2,244
2011 Nissan Quest 3.5SL,Nissan Quest,76188,344,17.158,2.359,2019-06-01,152,1,6,2019,20.048956754866534,11.717743217656496,40.475722000000005,Over 6 months ago,5,344
2011 Nissan Quest 3.5SL,Nissan Quest,76421,233,12.499,2.319,2019-06-08,159,8,6,2019,18.641491319305544,12.602453473887495,28.985181,Over 6 months ago,7,233
2011 Nissan Quest 3.5SL,Nissan Quest,76761,340,16.391,2.399,2019-06-13,164,13,6,2019,20.74309072051736,11.32562790187548,39.322008999999994,Over 6 months ago,5,340
2011 Nissan Quest 3.5SL,Nissan Quest,77128,367,17.222,2.169,2019-06-16,167,16,6,2019,21.309952386482404,11.024357200556137,37.354518000000006,Over 6 months ago,3,367
2013 Nissan Altima 2.5SV,Nissan Altima,44097,434,16.508,2.259,2019-06-24,175,24,6,2019,26.29028349890962,8.93594498686822,37.291571999999995,Over 6 months ago,42,434
2011 Nissan Quest 3.5SL,Nissan Quest,77430,302,16.329,2.269,2019-07-05,186,5,7,2019,18.49470267622022,12.70247654954128,37.050501000000004,Over 6 months ago,19,302
2013 Nissan Altima 2.5SV,Nissan Altima,44589,492,16.664,2.399,2019-07-20,201,20,7,2019,29.52472395583293,7.957010110809624,39.976936,Over 6 months ago,26,492
2011 Nissan Quest 3.5SL,Nissan Quest,77689,259,13.54,2.259,2019-07-29,210,29,7,2019,19.12850812407681,12.281591722238087,30.586859999999998,Over 6 months ago,24,259
2011 Nissan Quest 3.5SL,Nissan Quest,77996,307,15.595,2.289,2019-08-11,223,11,8,2019,19.685796729721062,11.933910029698582,35.696955,Over 6 months ago,13,307
2013 Nissan Altima 2.5SV,Nissan Altima,45038,449,16.464,2.059,2019-08-11,223,11,8,2019,27.271622934888242,8.614394808711022,33.899376,Over 6 months ago,22,449
2011 Nissan Quest 3.5SL,Nissan Quest,78251,255,13.767,2.179,2019-08-25,237,25,8,2019,18.522553933318807,12.683376594889042,29.998292999999997,Over 6 months ago,14,255
2011 Nissan Quest 3.5SL,Nissan Quest,78583,332,18.245,2.259,2019-09-05,248,5,9,2019,18.196766237325292,12.910454746269105,41.215455,Over 6 months ago,11,332
2013 Nissan Altima 2.5SV,Nissan Altima,45451,413,15.43,2.509,2019-09-09,252,9,9,2019,26.76604018146468,8.777111796989393,38.71387,Over 6 months ago,29,413
2011 Nissan Quest 3.5SL,Nissan Quest,78896,313,15.965,2.239,2019-09-11,254,11,9,2019,19.6053867835891,11.982856019554543,35.745635,Over 6 months ago,6,313
2011 Nissan Quest 3.5SL,Nissan Quest,79145,249,12.623,2.329,2019-09-21,264,21,9,2019,19.725897171829203,11.909649786217585,29.398967,Over 6 months ago,10,249
2011 Nissan Quest 3.5SL,Nissan Quest,79369,224,12.131,2.159,2019-09-29,272,29,9,2019,18.465089440276977,12.722848042262275,26.190828999999997,Over 6 months ago,8,224
2013 Nissan Altima 2.5SV,Nissan Altima,45911,460,15.538,2.059,2019-10-06,279,6,10,2019,29.60483974771528,7.935477071905315,31.992742000000003,Over 6 months ago,27,460
2011 Nissan Quest 3.5SL,Nissan Quest,79705,336,17.481,2.059,2019-10-12,285,12,10,2019,19.220868371374632,12.222576134244875,35.993379000000004,Over 6 months ago,13,336
2011 Nissan Quest 3.5SL,Nissan Quest,79897,192,10.158,2.299,2019-10-20,293,20,10,2019,18.901358535144716,12.42918738346799,23.353241999999998,Over 6 months ago,8,192
2013 Nissan Altima 2.5SV,Nissan Altima,46282,371,13.627,2.289,2019-10-26,299,26,10,2019,27.225361414838186,8.629032447201473,31.192203000000003,Over 6 months ago,20,371
2011 Nissan Quest 3.5SL,Nissan Quest,80202,305,15.867,2.069,2019-11-02,306,2,11,2019,19.222285246108274,12.221675208101967,32.828823,Over 6 months ago,13,305
2013 Nissan Altima 2.5SV,Nissan Altima,46742,460,14.706,2.259,2019-11-08,312,8,11,2019,31.279749762001906,7.510562866484719,33.220853999999996,Over 6 months ago,13,460
2011 Nissan Quest 3.5SL,Nissan Quest,80551,349,17.533,2.179,2019-11-16,320,16,11,2019,19.90532139394285,11.80229760605192,38.204406999999996,Over 6 months ago,14,349
2013 Nissan Altima 2.5SV,Nissan Altima,47175,433,15.576,2.119,2019-11-29,333,29,11,2019,27.799178222907035,8.450916251971805,33.00554400000001,Over 6 months ago,21,433
2011 Nissan Quest 3.5SL,Nissan Quest,80820,269,13.637,2.259,2019-12-01,335,1,12,2019,19.72574613184718,11.90974097837212,30.805983,Over 6 months ago,15,269
2013 Nissan Altima 2.5SV,Nissan Altima,47620,445,15.303,2.229,2019-12-09,343,9,12,2019,29.079265503496046,8.07890168364746,34.110387,Over 6 months ago,10,445
2011 Nissan Quest 3.5SL,Nissan Quest,81156,336,17.545,2.259,2019-12-13,347,13,12,2019,19.150755200911938,12.267324425108765,39.634155,Over 6 months ago,12,336
2011 Nissan Quest 3.5SL,Nissan Quest,81383,227,12.936,2.229,2019-12-27,361,27,12,2019,17.547928262213976,13.387821258723646,28.834344,Over 6 months ago,14,227
2013 Nissan Altima 2.5SV,Nissan Altima,47942,322,11.729,2.089,2019-12-29,363,29,12,2019,27.453320828715153,8.557381036020212,24.501880999999997,Over 6 months ago,20,322
2013 Nissan Altima 2.5SV,Nissan Altima,48522,580,16.044,2.359,2019-12-30,364,30,12,2019,36.150585888805786,6.498609116821328,37.847796,Over 6 months ago,1,580
2013 Nissan Altima 2.5SV,Nissan Altima,49078,556,15.445,2.559,2020-01-02,2,2,1,2020,35.998705082550984,6.526027158385163,39.523755,Over 6 months ago,3,556
2011 Nissan Quest 3.5SL,Nissan Quest,81738,355,17.732,2.259,2020-01-18,18,18,1,2020,20.020302278366795,11.734514482794841,40.056588,Over 6 months ago,22,355
2013 Nissan Altima 2.5SV,Nissan Altima,49490,412,14.033,2.189,2020-01-21,21,21,1,2020,29.359367205871873,8.001825290990606,30.718237,Over 6 months ago,19,412
2011 Nissan Quest 3.5SL,Nissan Quest,82050,312,16.453,2.119,2020-02-01,32,1,2,2020,18.96310703215219,12.388714920877755,34.863907000000005,Over 6 months ago,14,312
2013 Nissan Altima 2.5SV,Nissan Altima,49924,434,15.94,1.999,2020-02-10,41,10,2,2020,27.22710163111669,8.628480923835681,31.864060000000002,Over 6 months ago,20,434
2011 Nissan Quest 3.5SL,Nissan Quest,82367,317,16.151,1.999,2020-02-16,47,16,2,2020,19.627267661445114,11.969497287536784,32.285849,Over 6 months ago,15,317
2011 Nissan Quest 3.5SL,Nissan Quest,82643,276,14.679,2.199,2020-02-26,57,26,2,2020,18.802370733701206,12.494622638960196,32.279120999999996,Over 6 months ago,10,276
2011 Nissan Quest 3.5SL,Nissan Quest,82944,301,14.945,1.939,2020-03-08,68,8,3,2020,20.140515222482435,11.664474540014742,28.978355,Over 6 months ago,11,301
2013 Nissan Altima 2.5SV,Nissan Altima,50364,440,16.474,1.999,2020-03-12,72,12,3,2020,26.708753186839868,8.795937623594554,32.931526000000005,Over 6 months ago,31,440
2011 Nissan Quest 3.5SL,Nissan Quest,83188,244,11.883,1.799,2020-03-28,88,28,3,2020,20.533535302533032,11.441211830991655,21.377516999999997,Over 6 months ago,20,244
2013 Nissan Altima 2.5SV,Nissan Altima,50781,417,16.408,1.549,2020-04-24,115,24,4,2020,25.414431984397854,9.243902329969462,25.415992,Over 6 months ago,43,417
2011 Nissan Quest 3.5SL,Nissan Quest,83440,252,14.188,1.249,2020-05-09,130,9,5,2020,17.761488581900196,13.226848974518337,17.720812000000002,Over 6 months ago,42,252
2011 Nissan Quest 3.5SL,Nissan Quest,83759,319,15.9,1.599,2020-06-06,158,6,6,2020,20.062893081761008,11.709603698630938,25.4241,Over 6 months ago,28,319
2013 Nissan Altima 2.5SV,Nissan Altima,51189,408,16.059,1.459,2020-06-08,160,8,6,2020,25.406314216327292,9.246855920739955,23.430081,Over 6 months ago,45,408
2011 Nissan Quest 3.5SL,Nissan Quest,84003,244,14.194,1.649,2020-06-27,179,27,6,2020,17.19036212484148,13.666293085003414,23.405906,Over 6 months ago,21,244
2013 Nissan Altima 2.5SV,Nissan Altima,51606,417,16.361,1.899,2020-07-15,197,15,7,2020,25.4874396430536,9.217423575123743,31.069539000000002,Over 6 months ago,37,417
2011 Nissan Quest 3.5SL,Nissan Quest,84269,266,14.7,1.709,2020-07-26,208,26,7,2020,18.095238095238095,12.982892283536685,25.1223,Over 6 months ago,29,266
2013 Nissan Altima 2.5SV,Nissan Altima,51866,260,9.705,1.899,2020-08-07,220,7,8,2020,26.790314270994333,8.76915905722618,18.429795,Over 6 months ago,23,260
2013 Nissan Altima 2.5SV,Nissan Altima,52441,575,18.2,1.899,2020-08-12,225,12,8,2020,31.593406593406595,7.435998594860432,34.5618,Over 6 months ago,5,575
2011 Nissan Quest 3.5SL,Nissan Quest,84488,219,12.857,1.899,2020-08-16,229,16,8,2020,17.033522594695498,13.792128183079765,24.415443,Over 6 months ago,21,219
2011 Nissan Quest 3.5SL,Nissan Quest,84764,276,14.694,1.999,2020-08-31,244,31,8,2020,18.78317680685994,12.507390493690384,29.373306000000003,Over 6 months ago,15,276
2011 Nissan Quest 3.5SL,Nissan Quest,84959,195,9.999,1.899,2020-09-07,251,7,9,2020,19.5019501950195,12.04641200937037,18.988101,Over 6 months ago,7,195
2011 Nissan Quest 3.5SL,Nissan Quest,85274,315,15.061,1.869,2020-09-13,257,13,9,2020,20.91494588672731,11.232566811684276,28.149009,Over 6 months ago,6,315
2011 Nissan Quest 3.5SL,Nissan Quest,85542,268,13.107,1.899,2020-09-20,264,20,9,2020,20.447089341573207,11.489582850198973,24.890193,Over 6 months ago,7,268
2013 Nissan Altima 2.5SV,Nissan Altima,52853,412,14.508,1.669,2020-09-26,270,26,9,2020,28.39812517231872,8.27267735492708,24.213852,Over 6 months ago,45,412
2011 Nissan Quest 3.5SL,Nissan Quest,85851,309,16.133,1.999,2020-10-04,278,4,10,2020,19.153288291080397,12.265702028034054,32.249867,Over 6 months ago,14,309
2011 Nissan Quest 3.5SL,Nissan Quest,86169,318,16.182,1.999,2020-10-16,290,16,10,2020,19.651464590285503,11.954759196500815,32.347818,Over 6 months ago,12,318
2013 Nissan Altima 2.5SV,Nissan Altima,53278,425,16.155,1.959,2020-10-29,303,29,10,2020,26.307644692045805,8.930047892370125,31.647645000000004,Over 6 months ago,33,425
2011 Nissan Quest 3.5SL,Nissan Quest,86441,272,13.538,1.899,2020-10-31,305,31,10,2020,20.091594031614715,11.69287646693233,25.708662,Over 6 months ago,15,272
2011 Nissan Quest 3.5SL,Nissan Quest,86746,305,16.154,1.569,2020-11-15,320,15,11,2020,18.880772564070817,12.442739100754975,25.345626,Over 6 months ago,15,305
2013 Nissan Altima 2.5SV,Nissan Altima,53761,483,16.647,1.879,2020-11-23,328,23,11,2020,29.014236799423323,8.097008674034642,31.279712999999997,Over 6 months ago,25,483
2011 Nissan Quest 3.5SL,Nissan Quest,86977,231,11.257,1.599,2020-11-25,330,25,11,2020,20.52056498178911,11.448443414882195,17.999943,Over 6 months ago,10,231
2011 Nissan Quest 3.5SL,Nissan Quest,87290,313,16.294,1.899,2020-12-11,346,11,12,2020,19.2095249785197,12.22979367257261,30.942306000000002,Over 6 months ago,16,313
2013 Nissan Altima 2.5SV,Nissan Altima,54192,431,15.927,1.949,2020-12-17,352,17,12,2020,27.06096565580461,8.681453944531846,31.041723,Over 6 months ago,24,431
2011 Nissan Quest 3.5SL,Nissan Quest,87559,269,14.99,1.839,2020-12-29,364,29,12,2020,17.945296864576385,13.091370335542868,27.56661,Over 6 months ago,18,269
2013 Nissan Altima 2.5SV,Nissan Altima,54660,468,16.81,2.199,2021-01-15,15,15,1,2021,27.840571088637716,8.438351580054501,36.96518999999999,Over 6 months ago,29,468
2011 Nissan Quest 3.5SL,Nissan Quest,87874,315,15.84,2.199,2021-01-17,17,17,1,2021,19.886363636363637,11.813548788067122,34.832159999999995,Over 6 months ago,19,315
2011 Nissan Quest 3.5SL,Nissan Quest,88212,338,16.985,1.999,2021-01-30,30,30,1,2021,19.899911686782456,11.805506010937,33.953015,Over 6 months ago,13,338
2011 Nissan Quest 3.5SL,Nissan Quest,88414,202,10.346,2.219,2021-02-06,37,6,2,2021,19.524453895225207,12.032527429250072,22.957773999999997,Over 6 months ago,7,202
2013 Nissan Altima 2.5SV,Nissan Altima,55067,407,16.209,2.229,2021-02-11,42,11,2,2021,25.109507063976803,9.356158463678662,36.129861,Over 6 months ago,27,407
2011 Nissan Quest 3.5SL,Nissan Quest,88685,270,16.453,2.269,2021-02-20,51,20,2,2021,16.41038108551632,14.315848353014294,37.331857,Over 6 months ago,14,271
2011 Nissan Quest 3.5SL,Nissan Quest,88982,297,12.669,2.299,2021-02-27,58,27,2,2021,23.443049964480227,10.021244138086898,29.126031,Over 6 months ago,7,297
2013 Nissan Altima 2.5SV,Nissan Altima,55461,394,14.459,2.479,2021-03-08,67,8,3,2021,27.249464001659867,8.62139992996249,35.843861000000004,Over 6 months ago,25,394
2011 Nissan Quest 3.5SL,Nissan Quest,89282,300,15.915,2.479,2021-03-10,69,10,3,2021,18.85014137606032,12.462958359229335,39.453285,Over 6 months ago,11,300
2011 Nissan Quest 3.5SL,Nissan Quest,89599,317,16.318,2.539,2021-03-12,71,12,3,2021,19.426400294153694,12.093260896416648,41.431402000000006,Over 6 months ago,2,317
2013 Nissan Altima 2.5SV,Nissan Altima,55879,418,16.392,2.479,2021-04-02,92,2,4,2021,25.50024402147389,9.212795251590189,40.635768,Over 6 months ago,25,418
2011 Nissan Quest 3.5SL,Nissan Quest,89912,313,16.664,2.479,2021-04-03,93,3,4,2021,18.783005280844932,12.507504710921198,41.310056,Over 6 months ago,22,313
2011 Nissan Quest 3.5SL,Nissan Quest,90227,315,16.816,2.499,2021-04-16,106,16,4,2021,18.732159847764034,12.541454319453077,42.023184,Over 6 months ago,13,315
2013 Nissan Altima 2.5SV,Nissan Altima,56379,518,15.974,2.549,2021-04-20,110,20,4,2021,32.42769500438212,7.244687820200561,40.717726,Over 6 months ago,18,500
2011 Nissan Quest 3.5SL,Nissan Quest,90548,321,16.843,2.519,2021-04-29,119,29,4,2021,19.058362524490885,12.326794955942916,42.427517,Over 6 months ago,13,321
2013 Nissan Altima 2.5SV,Nissan Altima,56863,466,16,2.459,2021-05-09,129,9,5,2021,29.125,8.066215520529639,39.344,Over 6 months ago,19,484
2011 Nissan Quest 3.5SL,Nissan Quest,90836,288,15.257,2.499,2021-05-11,131,11,5,2021,18.876581241397393,12.445501864512119,38.127243,Over 6 months ago,12,288
2011 Nissan Quest 3.5SL,Nissan Quest,90981,145,7.229,2.499,2021-05-15,135,15,5,2021,20.058099322174574,11.712402220269604,18.065271000000003,Over 6 months ago,4,145
2011 Nissan Quest 3.5SL,Nissan Quest,91281,300,14.821,2.489,2021-05-23,143,23,5,2021,20.241549153228526,11.60625233064015,36.889469,Over 6 months ago,8,300
2011 Nissan Quest 3.5SL,Nissan Quest,91484,203,10.826,2.539,2021-05-30,150,30,5,2021,18.75115462774801,12.5287499196331,27.487214,Over 6 months ago,7,203
2013 Nissan Altima 2.5SV,Nissan Altima,57280,417,14.036,2.599,2021-06-05,156,5,6,2021,29.709318894271874,7.907570276904641,36.479564,Over 6 months ago,27,417
2011 Nissan Quest 3.5SL,Nissan Quest,91843,359,18.876,2.799,2021-06-26,177,26,6,2021,19.018859927950835,12.352397984180213,52.833924,Recent,27,359
2013 Nissan Altima 2.5SV,Nissan Altima,57600,320,12.92,2.789,2021-07-02,183,2,7,2021,24.76780185758514,9.485239279055314,36.03388,Recent,27,320
2011 Nissan Quest 3.5SL,Nissan Quest,91993,150,8.167,2.509,2021-07-03,184,3,7,2021,18.3665972817436,12.791075201988814,20.491003,Recent,7,150
2013 Nissan Altima 2.5SV,Nissan Altima,58196,596,17.078,2.999,2021-07-16,197,16,7,2021,34.89870008197681,6.73172715555537,51.216922,Recent,14,596
2011 Nissan Quest 3.5SL,Nissan Quest,92295,302,15.861,2.669,2021-07-24,205,24,7,2021,19.04041359308997,12.338415123539363,42.333009000000004,Recent,21,302
2013 Nissan Altima 2.5SV,Nissan Altima,58463,267,8.871,2.669,2021-08-03,215,3,8,2021,30.098072370645923,7.805434319592741,23.676699000000003,Recent,18,267
2011 Nissan Quest 3.5SL,Nissan Quest,92534,239,13.971,2.669,2021-08-14,226,14,8,2021,17.106864218738817,13.732997703815618,37.288599,Recent,21,239
2013 Nissan Altima 2.5SV,Nissan Altima,58930,467,14.564,2.669,2021-08-15,227,15,8,2021,32.065366657511674,7.326550466261113,38.871316,Recent,12,467
2011 Nissan Quest 3.5SL,Nissan Quest,92796,262,14.928,2.599,2021-08-28,240,28,8,2021,17.55091103965702,13.385545998415402,38.797872000000005,Recent,14,262
2011 Nissan Quest 3.5SL,Nissan Quest,93032,236,12.866,2.599,2021-09-05,248,5,9,2021,18.342919322244676,12.80758656287198,33.438734000000004,Recent,8,236
2013 Nissan Altima 2.5SV,Nissan Altima,59379,449,16.719,2.859,2021-09-07,250,7,9,2021,26.855673186195343,8.747817468831366,47.799621,Recent,23,449
2011 Nissan Quest 3.5SL,Nissan Quest,93354,322,17.255,2.699,2021-09-17,260,17,9,2021,18.661257606490874,12.589104763963572,46.571245,Recent,12,322
2013 Nissan Altima 2.5SV,Nissan Altima,59860,481,16.99,2.899,2021-09-30,273,30,9,2021,28.31077104178929,8.298203065139049,49.254009999999994,Recent,23,481
2011 Nissan Quest 3.5SL,Nissan Quest,93638,284,14.901,2.899,2021-10-01,274,1,10,2021,19.059123548755117,12.326302751249573,43.197999,Recent,14,284
2011 Nissan Quest 3.5SL,Nissan Quest,93962,324,16.899,3.099,2021-10-15,288,15,10,2021,19.17273211432629,12.253262896208826,52.37000100000001,Recent,14,324
2013 Nissan Altima 2.5SV,Nissan Altima,60369,509,17.417,3.099,2021-10-20,293,20,10,2021,29.224321065625535,8.038801876966621,53.97528300000001,Recent,20,509
2011 Nissan Quest 3.5SL,Nissan Quest,94191,229,13.015,2.969,2021-10-23,296,23,10,2021,17.595082597003458,13.351942267974087,38.641535,Recent,8,229
2011 Nissan Quest 3.5SL,Nissan Quest,94488,297,15.296,2.969,2021-11-05,309,5,11,2021,19.4168410041841,12.099214644895191,45.413824,Recent,13,297
2013 Nissan Altima 2.5SV,Nissan Altima,60816,447,16.359,2.969,2021-11-13,317,13,11,2021,27.324408582431687,8.597753408887092,48.569871000000006,Recent,24,447
2011 Nissan Quest 3.5SL,Nissan Quest,94749,261,13.813,2.929,2021-11-14,318,14,11,2021,18.895243611091,12.433209746897838,40.458277,Recent,9,261
2011 Nissan Quest 3.5SL,Nissan Quest,95057,308,15.495,3.159,2021-11-20,324,20,11,2021,19.877379799935465,11.818888072772472,48.948705,Recent,6,308
2011 Nissan Quest 3.5SL,Nissan Quest,95380,323,15.29,2.859,2021-11-26,330,26,11,2021,21.124918247220407,11.120920056878202,43.71411,Recent,6,323
2011 Nissan Quest 3.5SL,Nissan Quest,95688,308,17.221,2.829,2021-12-04,338,4,12,2021,17.885140235758666,13.135403130120347,48.718209,Recent,8,308
